epoch,accuracy,precision,recall,f1,roc_auc,cpu_pct
1,0.922,0.9421487603305785,0.9011857707509882,0.9212121212121213,0.9725410459106112,1.4
2,0.922,0.913926499032882,0.9337944664031621,0.9237536656891495,0.9738187298971052,16.36
3,0.926,0.8956043956043956,0.9664031620553359,0.9296577946768061,0.9824074666752012,0.64
